# llama.cpp b10437 (16d222f) with and without this fork, measured 2026-08-15.
#
# "with BullDNN" is -DGGML_ZENDNN=ON -DZENDNN_ROOT=<BullDNN>/build/install: b10437
# ships a ggml-zendnn backend that calls zendnnl::lowoha::matmul::matmul_direct,
# which is this fork's own API, so no new backend was needed. Three CMake defects
# had to be patched first; see patches/llama.cpp/.
#
# Model: qwen2.5-coder-1.5B, requantised locally from the Q8_0 release with
# llama-quantize --allow-requantize. llama-bench -p 128 -n 32, 2-3 reps.
# A10-8770E: 4 threads, Radeon R7 (RADV CARRIZO) iGPU. AOCL-DLP compiled IN.
# FX-8370E:  8 threads, Radeon RX 560 (RADV POLARIS11). AOCL-DLP compiled OUT,
#            governor pinned to performance, desktop stopped.
#
# READ THE BF16 ROWS WITH CARE. On the A10 the BullDNN arm is erratic (spreads of
# 6-9 t/s against 0.7 for the baseline) because the dispatcher intermittently
# selects AOCL-DLP, which on this family is about half the speed of ggml's own
# backend. The FX box, built without AOCL-DLP, is stable. An earlier reading of
# 35.4 for that cell was noise from a single pass and should be ignored.
# TWO CORRECTIONS, both material:
#
# 1. The rows below were taken against an install tree dated 23 July, which
#    contained NONE of this fork's INT8 work (0 matching symbols against 35 in a
#    current build) -- `make install` had never been re-run. Re-measuring Q8_0 on
#    the FX with a current library gives 115.32 / 11.82 against 114.56 / 11.83,
#    i.e. identical. So the llama.cpp gains below are real but come from
#    elsewhere in the library, NOT from the native INT8 kernels; those are still
#    unreached from llama.cpp.
#
# 2. Q4_K, which is what people actually run, is far faster than Q8_0 in stock
#    ggml on these parts: 145.72 / 15.14 against 108.79 / 1.57. The dramatic Q8_0
#    speedup is therefore mostly "ggml's Q8_0 path is pathological without AVX2",
#    and for a realistic model this fork currently adds about 1%.
fx-8370e,Q8_0,cpu+bulldnn-current-lib,0,115.32,11.82
fx-8370e,Q4_K_M,cpu,0,145.72,15.14
# The row below is from a Q4_K passthrough that ABORTED under llama-perplexity --
# llama-bench never validates output, so it benchmarked a broken path. Kept as a
# warning, not as a result.
fx-8370e,Q4_K_M,cpu+bulldnn-passthrough-BROKEN,0,147.46,15.35
# Q4_K genuinely reaching the k-quant kernels (patch 0002 plus the kernel_select
# fix), verified by perplexity 1.0040 against 1.0041 and by the dispatch counter
# reporting 168 executed, 0 rejected. 3 reps.
fx-8370e,Q4_K_M,cpu,0,146.92,15.19
fx-8370e,Q4_K_M,cpu+bulldnn-kquant-kernels,0,147.90,16.01
host,precision,config,ngl,pp128,tg32
fx-8370e,Q8_0,cpu,0,108.79,1.57
fx-8370e,Q8_0,cpu+bulldnn,0,114.56,11.83
fx-8370e,Q8_0,vulkan,99,417.55,51.25
fx-8370e,Q8_0,vulkan+bulldnn,99,414.28,48.33
fx-8370e,Q8_0,vulkan+cpu,14,219.19,10.74
fx-8370e,Q8_0,vulkan+cpu+bulldnn,14,217.95,16.89
fx-8370e,F32,cpu,0,37.47,3.72
fx-8370e,F32,cpu+bulldnn,0,37.75,3.72
fx-8370e,F16,cpu,0,65.89,6.56
fx-8370e,F16,cpu+bulldnn,0,66.34,6.57
fx-8370e,BF16,cpu,0,67.94,6.05
fx-8370e,BF16,cpu+bulldnn,0,68.18,6.02
a10-8770e,Q8_0,cpu,0,76.74,1.44
a10-8770e,Q8_0,cpu+bulldnn,0,87.88,6.39
a10-8770e,Q8_0,vulkan,99,112.87,8.55
a10-8770e,Q8_0,vulkan+bulldnn,99,108.10,9.19
a10-8770e,Q8_0,vulkan+cpu,14,66.74,2.22
a10-8770e,Q8_0,vulkan+cpu+bulldnn,14,92.26,8.38
a10-8770e,F16,cpu,0,66.31,3.47
a10-8770e,F16,cpu+bulldnn,0,65.03,3.62
a10-8770e,BF16,cpu,0,68.64,2.65
a10-8770e,BF16,cpu+bulldnn,0,62.19,2.56
# BF16 dispatch experiment on the A10, pp128 only, 3 reps per pass, two passes.
# This is what identifies AOCL-DLP as the cause of the variance above.
a10-8770e,BF16,cpu+bulldnn-algo-default,0,69.33,
a10-8770e,BF16,cpu+bulldnn-algo-default,0,50.43,
a10-8770e,BF16,cpu+bulldnn-algo-native-gemm,0,60.13,
a10-8770e,BF16,cpu+bulldnn-algo-native-gemm,0,60.21,
a10-8770e,BF16,cpu+bulldnn-algo-aocl-dlp-blocked,0,51.85,
a10-8770e,BF16,cpu+bulldnn-algo-aocl-dlp-blocked,0,37.56,
#
# ---------------------------------------------------------------------------
# A10 Q4_K, re-measured 2026-08-15 against a CURRENT install tree (29 k-quant
# symbols present, patch 0002 applied, llama rebuilt). Correctness is settled:
# perplexity 1.0090 baseline against 1.0091 with, and the dispatch counter says
# `q4_K 1174 accepted, 0 rejected, 166 executed`, so the kernels do run.
#
# RETRACTED, and the retraction is the point. These two rows were read as a 2x
# prompt REGRESSION from enabling this fork:
#
#   a10-8770e,Q4_K_M,cpu,0,86.57,7.81
#   a10-8770e,Q4_K_M,cpu+bulldnn-kquant-kernels,0,41.22,7.81
#
# There is no regression. The A10-8770E is a 35W part that cannot hold a
# 4-thread SIMD load, and the two arms were measured BACK TO BACK: the baseline
# got the cold run and this fork got the hot one. Same binary, nothing else
# changed:
#
#   hot, straight off a batch      40.11 t/s   22.4e9 instructions   69.9 C
#   after 5 minutes idle           84.36 t/s   13.8e9 instructions   47.8 C
#
# The effect is 2x while the clock only drops ~9%, because ggml's barriers
# spin-wait: throttling is not symmetric across the two modules, threads stop
# arriving together, and the early ones burn PAUSE loops. Retired instructions
# nearly double for BIT-IDENTICAL page-faults and cache-misses -- same memory
# work, invented compute. Thread count does not save it (2, 3 and 4 all
# collapse) and neither does affinity.
#
# What made this look like a property of the fork rather than of the heatsink is
# that the fork's arm was always second. Measured properly -- 150s idle before
# every pass, arms alternating, three pairs:
#
#   run  arm       pp128   tg32
#   1a   baseline  87.51   7.31
#   1b   bulldnn   88.07   7.83
#   2a   baseline  88.28   7.40
#   2b   bulldnn   87.59   7.82
#   3a   baseline  84.96   7.83
#   3b   bulldnn   88.31   7.81
a10-8770e,Q4_K_M,cpu,0,86.92,7.51
a10-8770e,Q4_K_M,cpu+bulldnn-kquant-kernels,0,87.99,7.82
#
# READ THE TWO ROWS ABOVE AS A NULL RESULT, NOT AS +1.2%/+4%. The dispatch
# counter, run afterwards with the SAME flags (-p 128 -n 32 -t 4 -ngl 0),
# reports an empty table: zero ops accepted, zero rejected, zero executed, for
# every weight type. Under this invocation the ggml-zendnn backend is never
# asked to do anything, so both arms are the same code and the difference
# between them is the box, not the fork.
#
# The cause is registration, not the kernels. ZenDNN registers as its own
# DEVICE, and `llama-bench --list-devices` shows it with 0 MiB:
#
#   Vulkan0: AMD Radeon R7 Graphics (RADV CARRIZO) (50176 MiB, 50162 MiB free)
#   ZenDNN:  ZenDNN: AMD optimized primitives backend for GGML (0 MiB, 0 MiB free)
#
# A device with no buffer never has weights placed on it, so the scheduler never
# routes an op to it. -ngl 0 puts the weights in the plain CPU backend and -ngl
# 99 puts them on Vulkan; neither is ZenDNN. Selecting it explicitly
# (-dev ZenDNN -ngl 99) does deliver ops, but they arrive as f16 -- the
# attention matmuls -- and all 1120 are rejected, with the Q4_K weight matmuls
# still going elsewhere. So there is currently NO llama-bench invocation on this
# box that measures the fork.
#
# This does not touch the thermal finding above, which was measured with one
# binary against itself. It does mean the fork-vs-stock comparison is still
# unmade here, and that "flat" in these rows carries no information about the
# kernels either way.
#
# An interleaved-and-bracketed run had already made this visible before the
# cooldown test proved it: one pass read baseline 42.87 / bulldnn 81.28 /
# baseline 39.94 -- this fork twice as FAST as the two baselines around it. A
# 2x effect that changes sign with ordering is an ordering artefact, and that
# should have been the first thing checked.
#
# The FX box never showed any of it (141-148 every pass) because it is a 95W
# desktop part with headroom. Two family 15h boxes, only one of them able to
# sustain a load, and the same kernels on both.
#
# ---------------------------------------------------------------------------
# A10 BF16 and Q8_0, re-measured 2026-08-15 under the cooled alternating
# protocol, three pairs each. ALSO A NULL RESULT for the same reason as Q4_K
# above -- the dispatch counter is empty for both, so the "with" arm is the
# "without" arm carrying a different filename. Recorded because the STOCK
# numbers are worth having and because they retire two older claims.
a10-8770e,BF16,cpu-stock,0,71.38,2.607
a10-8770e,BF16,cpu+bulldnn-NOT-DISPATCHED,0,71.00,2.610
a10-8770e,Q8_0,cpu-stock,0,85.29,6.20
a10-8770e,Q8_0,cpu+bulldnn-NOT-DISPATCHED,0,85.95,6.27
#
# Two older rows do not survive these:
#
# 1. The BF16 pair at 68.64 / 62.19 read as a 9% regression from this fork. Both
#    arms now measure ~71 cooled, and neither dispatches, so there was never a
#    regression to explain -- the AOCL-DLP story told for it above was fitted to
#    thermal noise.
# 2. The Q8_0 pair at 76.74 / 87.88 pp and 1.44 / 6.39 tg read as a 4.4x
#    generation speedup. Stock Q8_0 generation measures 6.20 here, not 1.44, so
#    what was recorded as this fork's gain is a baseline that was wrong by 4.3x.
#    The FX box's 1.57 -> 11.82 for the same quantisation deserves the same
#    scepticism and has not been re-checked.
